{
    "benchmark_name": "prediction-run-Google-Search-RPC-0.1-coflowiness",
    "aggregated_delay_statistics": {
        "min_std_dev": 1.0327955589886444,
        "min_cv": 0.07824208780217004,
        "min_min": 12,
        "min_max": 15,
        "max_std_dev": 91580.51877725475,
        "max_cv": 0.07373477208230773,
        "max_min": 1156725,
        "max_max": 1421706,
        "mean_std_dev": 40393.645892437315,
        "mean_cv": 0.11896589478345637,
        "mean_min": 288286.1237941489,
        "mean_max": 408306.482503888
    },
    "aggregated_first_base_packet_delay_statistics": {
        "min_std_dev": 4.056544780420347,
        "min_cv": 0.11362870533390326,
        "min_min": 27,
        "min_max": 41,
        "max_std_dev": 92830.3443346457,
        "max_cv": 0.07481408115758037,
        "max_min": 1150098,
        "max_max": 1421706,
        "mean_std_dev": 87154.04070402619,
        "mean_cv": 0.1483544860784805,
        "mean_min": 499997.84092691,
        "mean_max": 763450.8243809068
    },
    "aggregated_first_associated_packet_delay_statistics": {
        "min_std_dev": 4.922736366426028,
        "min_cv": 0.15054239652678983,
        "min_min": 26,
        "min_max": 39,
        "max_std_dev": 86178.10277533125,
        "max_cv": 0.07361829209262616,
        "max_min": 1089525,
        "max_max": 1329541,
        "mean_std_dev": 4933.088695828324,
        "mean_cv": 0.08899228689700305,
        "mean_min": 48589.254796077876,
        "mean_max": 63692.33222421295
    },
    "first_base_packet_delay_overall_std_dev": 372682.2620857876,
    "first_base_packet_delay_overall_cv": 0.6386404014127074,
    "first_associated_packet_delay_overall_std_dev": 205789.3973425072,
    "first_associated_packet_delay_overall_cv": 3.7077061413378054,
    "run_stats": {
        "run_1": {
            "aggregated_delay_statistics": {
                "min": 12,
                "max": 1232624,
                "mean": 337899.69676262065,
                "median": 964.0,
                "std_dev": 391310.4843152223,
                "variance": 153123895135.01382,
                "coefficient_of_variation": 1.1580669887079642
            },
            "aggregated_base_first_packet_statistics": {
                "min": 37,
                "max": 1232624,
                "mean": 566459.4528159931,
                "median": 699085.5,
                "std_dev": 358879.9475133827,
                "variance": 128794816727.20834,
                "coefficient_of_variation": 0.6335492253316852
            },
            "aggregated_associated_first_packet_statistics": {
                "min": 39,
                "max": 1164445,
                "mean": 48589.254796077876,
                "median": 432,
                "std_dev": 187370.72987232945,
                "variance": 35107790412.88945,
                "coefficient_of_variation": 3.856217401536564
            }
        },
        "run_2": {
            "aggregated_delay_statistics": {
                "min": 13,
                "max": 1271242,
                "mean": 358017.9365079365,
                "median": 933.0,
                "std_dev": 408354.8109180086,
                "variance": 166753651599.88257,
                "coefficient_of_variation": 1.140598750166128
            },
            "aggregated_base_first_packet_statistics": {
                "min": 40,
                "max": 1271242,
                "mean": 596650.5440761268,
                "median": 740350,
                "std_dev": 365708.8824217764,
                "variance": 133742986682.18471,
                "coefficient_of_variation": 0.6129364768921011
            },
            "aggregated_associated_first_packet_statistics": {
                "min": 36,
                "max": 1170178,
                "mean": 58938.86722641241,
                "median": 401,
                "std_dev": 207924.91258389293,
                "variance": 43232769273.019516,
                "coefficient_of_variation": 3.527806392768863
            }
        },
        "run_3": {
            "aggregated_delay_statistics": {
                "min": 12,
                "max": 1232129,
                "mean": 341964.1985034064,
                "median": 780,
                "std_dev": 397392.26208212937,
                "variance": 157920609962.7518,
                "coefficient_of_variation": 1.1620873290867928
            },
            "aggregated_base_first_packet_statistics": {
                "min": 27,
                "max": 1232129,
                "mean": 569497.0663621959,
                "median": 702502,
                "std_dev": 364239.220397619,
                "variance": 132670209675.86528,
                "coefficient_of_variation": 0.639580503415562
            },
            "aggregated_associated_first_packet_statistics": {
                "min": 31,
                "max": 1149548,
                "mean": 56581.571745016,
                "median": 364.0,
                "std_dev": 207212.02932221766,
                "variance": 42936825095.83159,
                "coefficient_of_variation": 3.6621822782869224
            }
        },
        "run_4": {
            "aggregated_delay_statistics": {
                "min": 15,
                "max": 1421706,
                "mean": 408306.482503888,
                "median": 772.0,
                "std_dev": 477900.9717587862,
                "variance": 228389338807.99216,
                "coefficient_of_variation": 1.1704466919753973
            },
            "aggregated_base_first_packet_statistics": {
                "min": 32,
                "max": 1421706,
                "mean": 763450.8243809068,
                "median": 873901,
                "std_dev": 397803.6269433922,
                "variance": 158247725609.31757,
                "coefficient_of_variation": 0.5210599219222494
            },
            "aggregated_associated_first_packet_statistics": {
                "min": 37,
                "max": 1329541,
                "mean": 63692.33222421295,
                "median": 386.0,
                "std_dev": 238060.77170444257,
                "variance": 56672931024.514725,
                "coefficient_of_variation": 3.7376676813530563
            }
        },
        "run_5": {
            "aggregated_delay_statistics": {
                "min": 12,
                "max": 1375372,
                "mean": 402133.0284196758,
                "median": 700,
                "std_dev": 472699.4804445248,
                "variance": 223444798812.52365,
                "coefficient_of_variation": 1.1754803685292026
            },
            "aggregated_base_first_packet_statistics": {
                "min": 41,
                "max": 1375372,
                "mean": 717515.1188760054,
                "median": 850964,
                "std_dev": 407937.1174281997,
                "variance": 166412691775.62878,
                "coefficient_of_variation": 0.5685414936862059
            },
            "aggregated_associated_first_packet_statistics": {
                "min": 27,
                "max": 1321559,
                "mean": 61305.55769705955,
                "median": 321.0,
                "std_dev": 230792.94104134414,
                "variance": 53265381634.51335,
                "coefficient_of_variation": 3.7646332520422345
            }
        },
        "run_6": {
            "aggregated_delay_statistics": {
                "min": 13,
                "max": 1229453,
                "mean": 333812.5499795242,
                "median": 778,
                "std_dev": 394520.9795018365,
                "variance": 155646803267.08853,
                "coefficient_of_variation": 1.1818638320399761
            },
            "aggregated_base_first_packet_statistics": {
                "min": 37,
                "max": 1229453,
                "mean": 572066.9050557142,
                "median": 694353,
                "std_dev": 358776.52087252936,