{
    "benchmark_name": "prediction-run-Facebook-Hadoop-1.0-coflowiness",
    "aggregated_delay_statistics": {
        "min_std_dev": 0.5163977794943222,
        "min_cv": 0.0537914353639919,
        "min_min": 9,
        "min_max": 10,
        "max_std_dev": 102116.48632098759,
        "max_cv": 0.4243310025392904,
        "max_min": 117790,
        "max_max": 375688,
        "mean_std_dev": 274.34635547333306,
        "mean_cv": 0.3708858325516815,
        "mean_min": 459.58238749353586,
        "mean_max": 1338.8655754091906
    },
    "aggregated_first_base_packet_delay_statistics": {
        "min_std_dev": 3.1692971530679235,
        "min_cv": 0.06521187557752929,
        "min_min": 43,
        "min_max": 53,
        "max_std_dev": 94355.67005920854,
        "max_cv": 0.7558485226329067,
        "max_min": 25360,
        "max_max": 353651,
        "mean_std_dev": 146.0920596138885,
        "mean_cv": 0.19800025014277225,
        "mean_min": 560.9086469086469,
        "mean_max": 1025.3708374820224
    },
    "aggregated_first_associated_packet_delay_statistics": {
        "min_std_dev": 1.449137674618944,
        "min_cv": 0.034421322437504606,
        "min_min": 40,
        "min_max": 45,
        "max_std_dev": 84702.40200844366,
        "max_cv": 0.4012449230382127,
        "max_min": 93995,
        "max_max": 324964,
        "mean_std_dev": 130.9202547410882,
        "mean_cv": 0.18152387763124986,
        "mean_min": 550.8869536158268,
        "mean_max": 975.778545833779
    },
    "first_base_packet_delay_overall_std_dev": 3463.203936806585,
    "first_base_packet_delay_overall_cv": 4.6930341739592105,
    "first_associated_packet_delay_overall_std_dev": 3226.979653996714,
    "first_associated_packet_delay_overall_cv": 4.474589772529847,
    "run_stats": {
        "run_1": {
            "aggregated_delay_statistics": {
                "min": 10,
                "max": 375688,
                "mean": 602.3416347737337,
                "median": 428,
                "std_dev": 5196.592223501749,
                "variance": 27004570.737358853,
                "coefficient_of_variation": 8.627316996697099
            },
            "aggregated_base_first_packet_statistics": {
                "min": 51,
                "max": 353651,
                "mean": 792.9284215177289,
                "median": 466,
                "std_dev": 5884.847845714752,
                "variance": 34631434.16721356,
                "coefficient_of_variation": 7.421663401156285
            },
            "aggregated_associated_first_packet_statistics": {
                "min": 41,
                "max": 298908,
                "mean": 690.1320105149384,
                "median": 456,
                "std_dev": 3794.6015196057597,
                "variance": 14399000.692594342,
                "coefficient_of_variation": 5.498370546200918
            }
        },
        "run_2": {
            "aggregated_delay_statistics": {
                "min": 9,
                "max": 117790,
                "mean": 841.7412385593524,
                "median": 438,
                "std_dev": 3521.840308289612,
                "variance": 12403359.157093469,
                "coefficient_of_variation": 4.183994019726624
            },
            "aggregated_base_first_packet_statistics": {
                "min": 47,
                "max": 97686,
                "mean": 757.787734279694,
                "median": 469,
                "std_dev": 3217.450561510381,
                "variance": 10351988.115763465,
                "coefficient_of_variation": 4.245846714012454
            },
            "aggregated_associated_first_packet_statistics": {
                "min": 42,
                "max": 93995,
                "mean": 732.0712843754595,
                "median": 467,
                "std_dev": 2453.7281672412746,
                "variance": 6020781.918713224,
                "coefficient_of_variation": 3.351761255510227
            }
        },
        "run_3": {
            "aggregated_delay_statistics": {
                "min": 9,
                "max": 174753,
                "mean": 459.58238749353586,
                "median": 426,
                "std_dev": 1262.029156399633,
                "variance": 1592717.5916027692,
                "coefficient_of_variation": 2.7460346408888086
            },
            "aggregated_base_first_packet_statistics": {
                "min": 43,
                "max": 90648,
                "mean": 566.357602663707,
                "median": 456.0,
                "std_dev": 1794.1468168154656,
                "variance": 3218962.8002890684,
                "coefficient_of_variation": 3.167869219689451
            },
            "aggregated_associated_first_packet_statistics": {
                "min": 42,
                "max": 174752,
                "mean": 550.8869536158268,
                "median": 448.0,
                "std_dev": 1634.1117542159009,
                "variance": 2670321.225266569,
                "coefficient_of_variation": 2.966328651441408
            }
        },
        "run_4": {
            "aggregated_delay_statistics": {
                "min": 10,
                "max": 123168,
                "mean": 466.8558203138628,
                "median": 428,
                "std_dev": 1131.016163663212,
                "variance": 1279197.5624674496,
                "coefficient_of_variation": 2.4226241045958052
            },
            "aggregated_base_first_packet_statistics": {
                "min": 44,
                "max": 25360,
                "mean": 560.9086469086469,
                "median": 456,
                "std_dev": 958.7435226887108,
                "variance": 919189.1422975584,
                "coefficient_of_variation": 1.7092685733633515
            },
            "aggregated_associated_first_packet_statistics": {
                "min": 44,
                "max": 113472,
                "mean": 594.0940307873059,
                "median": 456,
                "std_dev": 1958.3895561612499,
                "variance": 3835289.6536814575,
                "coefficient_of_variation": 3.2964302865759327
            }
        },
        "run_5": {
            "aggregated_delay_statistics": {
                "min": 10,
                "max": 333702,
                "mean": 897.8430888378615,
                "median": 436.0,
                "std_dev": 4712.622452095946,
                "variance": 22208810.375998806,
                "coefficient_of_variation": 5.248826338013927
            },
            "aggregated_base_first_packet_statistics": {
                "min": 50,
                "max": 211810,
                "mean": 1025.3708374820224,
                "median": 464,
                "std_dev": 5626.115373776407,
                "variance": 31653174.199043237,
                "coefficient_of_variation": 5.486907924543981
            },
            "aggregated_associated_first_packet_statistics": {
                "min": 42,
                "max": 308580,
                "mean": 837.1180301125879,
                "median": 460.0,
                "std_dev": 4410.855761755104,
                "variance": 19455648.5510082,
                "coefficient_of_variation": 5.26909659461267
            }
        },
        "run_6": {
            "aggregated_delay_statistics": {
                "min": 9,
                "max": 189357,
                "mean": 1338.8655754091906,
                "median": 450,
                "std_dev": 5219.761592480837,
                "variance": 27245911.08233808,
                "coefficient_of_variation": 3.8986450083949227
            },
            "aggregated_base_first_packet_statistics": {
                "min": 49,
                "max": 65470,
                "mean": 877.7720138038517,
                "median": 480,
                "std_dev": 2828.093194385665,
                "variance": 7998111.116130513,